brand,brand_tier,category,product_name,url,price,mrp,discount_pct,rating,review_count,size,tags,scraped_at
Kama Ayurveda,Premium,Skincare,kumkumadi youth-revitalising facial oil,https://www.kamaayurveda.in/kumkumadi-youth-revitalising-facial-oil.html,1895.0,1895.0,,5.0,44,,New & Improved,2026-07-28 00:35:58
Kama Ayurveda,Premium,Skincare,amsuman daily shield sunscreen spf 50,https://www.kamaayurveda.in/amsuman-daily-shield-sunscreen-spf-50.html,2895.0,2895.0,,5.0,1,,New,2026-07-28 00:35:58
Kama Ayurveda,Premium,Skincare,kumkumadi youth-revitalising soft cream,https://www.kamaayurveda.in/kumkumadi-youth-revitalising-soft-cream.html,2095.0,2095.0,,5.0,6,,New & Improved,2026-07-28 00:35:58
Kama Ayurveda,Premium,Skincare,kumkumadi youth-recovering night balm,https://www.kamaayurveda.in/kumkumadi-youth-recovering-night-balm.html,2295.0,2295.0,,5.0,55,,New & Improved,2026-07-28 00:35:58
Kama Ayurveda,Premium,Skincare,kumkumadi youth-illuminating silky serum,https://www.kamaayurveda.in/kumkumadi-youth-illuminating-silky-serums.html,2695.0,2695.0,,5.0,23,,New,2026-07-28 00:35:58
Kama Ayurveda,Premium,Skincare,amarrupa line smoothing face serum,https://www.kamaayurveda.in/amarrupa-line-smoothing-face-serums.html,1995.0,1995.0,,5.0,20,,New,2026-07-28 00:35:58
Kama Ayurveda,Premium,Skincare,eladhi nourishing rich cream,https://www.kamaayurveda.in/eladhi-nourishing-rich-cream.html,3125.0,3125.0,,,,,New & Improved,2026-07-28 00:35:58
Kama Ayurveda,Premium,Skincare,"rose jasmine face cleanser | cleansing, refreshing and hydra..",https://www.kamaayurveda.in/rose-jasmine-face-cleanser.html,795.0,795.0,,4.5,32,,Face Wash,2026-07-28 00:35:58
Kama Ayurveda,Premium,Skincare,urjasara moisturising  water cream,https://www.kamaayurveda.in/urjasara-moisturising-plumping-water-cream.html,975.0,975.0,,5.0,20,,New,2026-07-28 00:35:58
Kama Ayurveda,Premium,Skincare,urjasara nutritive milky essence,https://www.kamaayurveda.in/urjasara-nutritive-milky-essence.html,2850.0,2850.0,,5.0,10,,New,2026-07-28 00:35:58
Kama Ayurveda,Premium,Skincare,kumkumadi youth-clarifying mask-scrub | 2 in 1 mask scrub,https://www.kamaayurveda.in/kumkumadi-youth-clarifying-mask-scrub-2-in-1-mask-scrub.html,3695.0,3695.0,,5.0,36,,New & Improved,2026-07-28 00:35:58
Kama Ayurveda,Premium,Skincare,amarrupa wrinkle-correcting facial oil,https://www.kamaayurveda.in/amarrupa-wrinkle-correcting-facial-oil.html,3995.0,3995.0,,5.0,13,,New & Improved,2026-07-28 00:35:58
Kama Ayurveda,Premium,Skincare,amarrupa wrinkle-correcting eye cream,https://www.kamaayurveda.in/amarrupa-wrinkle-correcting-eye-cream.html,3195.0,3195.0,,,,,New,2026-07-28 00:35:58
Kama Ayurveda,Premium,Skincare,kumkumadi youth-revitalising eye contour serum,https://www.kamaayurveda.in/kumkumadi-youth-revitalising-eye-contour-serum.html,3795.0,3795.0,,5.0,4,,New,2026-07-28 00:35:58
Kama Ayurveda,Premium,Skincare,urjasara nourish & replenishing rich cream,https://www.kamaayurveda.in/urjasara-nourish-replenishing-rich-cream.html,2850.0,2850.0,,5.0,12,,New & Improved,2026-07-28 00:35:58
Kama Ayurveda,Premium,Skincare,eladhi hydrating fresh emulsion,https://www.kamaayurveda.in/eladhi-hydrating-fresh-emulsion.html,3025.0,3025.0,,,,,New & Improved,2026-07-28 00:35:58
Kama Ayurveda,Premium,Skincare,amarrupa contour-defining & firming cream,https://www.kamaayurveda.in/amarrupa-contour-defining-firming-creams.html,1895.0,1895.0,,,,,New & Improved,2026-07-28 00:35:58
Kama Ayurveda,Premium,Skincare,vanasara rose hydrating yoghurt mask,https://www.kamaayurveda.in/vansara-rose-hydrating-yoghurt-mask.html,1150.0,1150.0,,,,,NEW,2026-07-28 00:35:58
Kama Ayurveda,Premium,Skincare,rose soothing floral water,https://www.kamaayurveda.in/rose-soothing-floral-water.html,650.0,650.0,,,,,New & Improved,2026-07-28 00:35:58
Kama Ayurveda,Premium,Skincare,rose soothing floral water,https://www.kamaayurveda.in/rose-soothing-floral-water-100ml.html,995.0,995.0,,,,,New & Improved,2026-07-28 00:35:58
Kama Ayurveda,Premium,Skincare,neroli stimulating floral water,https://www.kamaayurveda.in/neroli-stimulating-floral-water.html,1825.0,1825.0,,,,,New & Improved,2026-07-28 00:35:58
Kama Ayurveda,Premium,Skincare,vetiver invigorating botanical water,https://www.kamaayurveda.in/vetiver-invigorating-botanical-water.html,1825.0,1825.0,,,,,New & Improved,2026-07-28 00:35:58
Kama Ayurveda,Premium,Skincare,sandanya purifying fresh serum,https://www.kamaayurveda.in/sandanya-purifying-fresh-serum.html,1995.0,1995.0,,,,,New,2026-07-28 00:35:58
Kama Ayurveda,Premium,Skincare,sandanya blemish clarifying dry oil,https://www.kamaayurveda.in/sandanya-blemish-clarifying-dry-oil.html,3595.0,3595.0,,,,,New,2026-07-28 00:35:58
Kama Ayurveda,Premium,Skincare,sandanya perfecting matte cream,https://www.kamaayurveda.in/sandanya-perfecting-matte-cream.html,1075.0,1075.0,,,,,New,2026-07-28 00:35:58
Kama Ayurveda,Premium,Skincare,jasmine hydrating floral water,https://www.kamaayurveda.in/jasmine-hydrating-floral-water.html,1825.0,1825.0,,,,,New & Improved,2026-07-28 00:35:58
Kama Ayurveda,Premium,Skincare,nalpamaradi brightening oil mask,https://www.kamaayurveda.in/nalpamaradi-brightening-oil-mask.html,1345.0,1345.0,,,,,,2026-07-28 00:35:58
Kama Ayurveda,Premium,Skincare,vanasara nimrah blemish- correcting dry herbal blend,https://www.kamaayurveda.in/nimrah-herbal-face-mask-powder.html,1775.0,1775.0,,,,,New & Improved,2026-07-28 00:35:58
Kama Ayurveda,Premium,Skincare,vanasara mridul exfoliating dry herbal blend,https://www.kamaayurveda.in/mridul-herbal-face-mask-powder.html,1250.0,1250.0,,,,,New & Improved,2026-07-28 00:35:58
Kama Ayurveda,Premium,Skincare,eladhi restorative face & body oil,https://www.kamaayurveda.in/eladhi-restorative-face-body-oil.html,2050.0,2050.0,,,,,New,2026-07-28 00:35:58
Kama Ayurveda,Premium,Skincare,kumkumadi complete discovery set,https://www.kamaayurveda.in/kumkumadi-complete-discovery-set.html,8995.0,8995.0,,,,,New,2026-07-28 00:35:58
Kama Ayurveda,Premium,Skincare,urjasara moisturising and youth preserving essentials discov..,https://www.kamaayurveda.in/urjasara-moisturising-and-youth-preserving-essentials-discovery-set.html,2950.0,2950.0,,,,,New,2026-07-28 00:35:58
Kama Ayurveda,Premium,Skincare,multi masking lepam ritual discovery set,https://www.kamaayurveda.in/multi-masking-lepam-ritual-discovery-set.html,2850.0,2850.0,,,,,New,2026-07-28 00:35:58
Kama Ayurveda,Premium,Skincare,vanasara ashwagandha invigorating essence,https://www.kamaayurveda.in/vanasara-ashwagandha-invigorating-essence.html,3895.0,3895.0,,5.0,1,,New,2026-07-28 00:35:58
Kama Ayurveda,Premium,Skincare,vanasara turmeric brightening clay mask,https://www.kamaayurveda.in/vanasara-turmeric-brightening-clay-mask.html,575.0,575.0,,,,,New,2026-07-28 00:35:58
Kama Ayurveda,Premium,Skincare,kumkumadi youth-recovering night balm,https://www.kamaayurveda.in/kumkumadi-youth-recovering-night-balm-15ml.html,2295.0,2295.0,,5.0,10,,,2026-07-28 00:35:58
Kama Ayurveda,Premium,Haircare,bringaras invigorating  scalp & hair oil,https://www.kamaayurveda.in/bringaras-invigorating-scalp-hair-oil.html,615.0,615.0,,4.7,60,,New & Improved,2026-07-28 00:36:03
Kama Ayurveda,Premium,Haircare,bringaras balancing shampoo,https://www.kamaayurveda.in/bringaras-balancing-shampoo.html,525.0,525.0,,4.9,13,,New & Improved,2026-07-28 00:36:03
Kama Ayurveda,Premium,Haircare,bringaras smoothing hair serum,https://www.kamaayurveda.in/bringaras-smoothing-hair-serum.html,3125.0,3125.0,,4.8,4,,New,2026-07-28 00:36:03
Kama Ayurveda,Premium,Haircare,bringaras hydrating conditioner,https://www.kamaayurveda.in/bringaras-nourishing-conditioner.html,2195.0,2195.0,,5.0,2,,New & Improved,2026-07-28 00:36:03
Kama Ayurveda,Premium,Haircare,bringaras regenerating hair mask,https://www.kamaayurveda.in/bringaras-regenerating-hair-mask.html,1525.0,1525.0,,4.0,1,,New,2026-07-28 00:36:03
Kama Ayurveda,Premium,Haircare,bringaras purifying scalp scrub,https://www.kamaayurveda.in/bringaras-purifying-scalp-scrub.html,950.0,950.0,,,,,New,2026-07-28 00:36:03
Kama Ayurveda,Premium,Haircare,kansa brush,https://www.kamaayurveda.in/kansa-brush.html,5325.0,5325.0,,,,,New,2026-07-28 00:36:03
Kama Ayurveda,Premium,Haircare,bringaras densifying & fortifying scalp concentrate,https://www.kamaayurveda.in/bringaras-densifying-fortifying-scalp-concentrate.html,4195.0,4195.0,,,,,NEW,2026-07-28 00:36:03
Kama Ayurveda,Premium,Haircare,rose & jasmine gentle daily shampoo,https://www.kamaayurveda.in/rose-jasmine-gentle-daily-shampoo.html,495.0,495.0,,,,,New & Improved,2026-07-28 00:36:03
Kama Ayurveda,Premium,Haircare,rose & jasmine gentle daily shampoo,https://www.kamaayurveda.in/rose-jasmine-gentle-daily-shampoo-50ml.html,495.0,495.0,,,,,New & Improved,2026-07-28 00:36:03
Kama Ayurveda,Premium,Haircare,rose & jasmine moisturising hair conditioner,https://www.kamaayurveda.in/rose-jasmine-moisturising-hair-conditioner.html,625.0,625.0,,4.8,8,,,2026-07-28 00:36:03
Kama Ayurveda,Premium,Haircare,lavender & patchouli nourishing shampoo,https://www.kamaayurveda.in/lavender-patchouli-nourishing-shampoo.html,1725.0,1725.0,,,,,,2026-07-28 00:36:03
Kama Ayurveda,Premium,Haircare,lavender & patchouli nourishing conditioner,https://www.kamaayurveda.in/lavender-patchouli-nourishing-conditioner.html,2145.0,2145.0,,,,,,2026-07-28 00:36:03
Kama Ayurveda,Premium,Haircare,himalayan cedar detangling conditioner,https://www.kamaayurveda.in/himalayan-cedar-detangling-conditioner.html,2145.0,2145.0,,5.0,3,,New & Improved,2026-07-28 00:36:03
Kama Ayurveda,Premium,Haircare,himalayan cedar purifying shampoo,https://www.kamaayurveda.in/himalayan-cedar-purifying-shampoo.html,1725.0,1725.0,,4.8,4,,New,2026-07-28 00:36:03
Kama Ayurveda,Premium,Haircare,bringaras essential hair-oiling ritual,https://www.kamaayurveda.in/bringaras-essential-hair-oiling-ritual.html,4150.0,5195.0,20.1,,,,,2026-07-28 00:36:03
Kama Ayurveda,Premium,Haircare,bringaras regenerating hair-oiling ritual,https://www.kamaayurveda.in/bringaras-regenerating-hair-oiling-rituals.html,3625.0,4525.0,19.9,,,,,2026-07-28 00:36:03
Kama Ayurveda,Premium,Haircare,organic hair color kit,https://www.kamaayurveda.in/organic-hair-color-kit.html,2195.0,2195.0,,4.8,17,,Hair Color,2026-07-28 00:36:03
Kama Ayurveda,Premium,Haircare,organic indigo powder,https://www.kamaayurveda.in/organic-indigo-powder.html,1095.0,1095.0,,4.9,10,,Hair Color,2026-07-28 00:36:03
Kama Ayurveda,Premium,Haircare,organic henna powder,https://www.kamaayurveda.in/organic-henna-powder.html,1095.0,1095.0,,5.0,2,,Hair Color,2026-07-28 00:36:03
Kama Ayurveda,Premium,Kumkumadi Collection,kumkumadi glow discovery set,https://www.kamaayurveda.in/kumkumadi-glow-discovery-set.html,4250.0,4250.0,,5.0,6,,New,2026-07-28 00:36:08
Kama Ayurveda,Premium,Kumkumadi Collection,kumkumadi brightening cleansing oil,https://www.kamaayurveda.in/kumkumadi-clarifying-brightening-cleansing-oil.html,1595.0,1595.0,,5.0,3,,Face Oil,2026-07-28 00:36:08
Kama Ayurveda,Premium,Bringaras Collection,bringaras discovery set,https://www.kamaayurveda.in/bringaras-discovery-set.html,2345.0,2345.0,,,,,New,2026-07-28 00:36:12
Kama Ayurveda,Premium,Bath & Body,himalayan cedar hand & body cleanser,https://www.kamaayurveda.in/himalayan-cedar-hand-body-cleanser.html,1745.0,1745.0,,,,,New & Improved,2026-07-28 00:36:17
Kama Ayurveda,Premium,Bath & Body,ashwaras reviving body scrub,https://www.kamaayurveda.in/ashwaras-reviving-body-scrub.html,2495.0,2495.0,,,,,New,2026-07-28 00:36:17
Kama Ayurveda,Premium,Bath & Body,rose & jasmine moisturising hand and body cleanser,https://www.kamaayurveda.in/rose-jasmine-moisturising-hand-and-body-cleanser.html,545.0,545.0,,4.7,3,,New & Improved,2026-07-28 00:36:17
Kama Ayurveda,Premium,Bath & Body,rose & jasmine moisturising hand and body cleanser,https://www.kamaayurveda.in/rose-jasmine-moisturising-hand-and-body-cleanser-50ml.html,545.0,545.0,,,,,New & Improved,2026-07-28 00:36:17
Kama Ayurveda,Premium,Bath & Body,rose & jasmine hand and body lotion,https://www.kamaayurveda.in/rose-jasmine-hand-and-body-lotion.html,675.0,675.0,,5.0,4,,,2026-07-28 00:36:17
Kama Ayurveda,Premium,Bath & Body,rose & jasmine hand and body lotion,https://www.kamaayurveda.in/rose-jasmine-hand-and-body-lotion-50-ml.html,675.0,675.0,,,,,,2026-07-28 00:36:17
Kama Ayurveda,Premium,Bath & Body,lavender & patchouli hand & body cleanser,https://www.kamaayurveda.in/lavender-patchouli-hand-body-cleanser.html,1745.0,1745.0,,,,,,2026-07-28 00:36:17
Kama Ayurveda,Premium,Bath & Body,lavender & patchouli hand & body lotion,https://www.kamaayurveda.in/lavender-patchouli-hand-body-lotion.html,2145.0,2145.0,,5.0,1,,,2026-07-28 00:36:17
Kama Ayurveda,Premium,Bath & Body,kokum almond restorative body butter,https://www.kamaayurveda.in/kokum-almond-restorative-body-butter.html,2595.0,2595.0,,5.0,15,,,2026-07-28 00:36:17
Kama Ayurveda,Premium,Bath & Body,kokum almond hand & body lotion,https://www.kamaayurveda.in/kokum-almond-hand-body-lotion.html,2145.0,2145.0,,,,,New & Improved,2026-07-28 00:36:17
Kama Ayurveda,Premium,Bath & Body,himalayan cedar hand & body reviving lotion,https://www.kamaayurveda.in/himalayan-cedar-hand-body-reviving-lotion.html,2145.0,2145.0,,5.0,1,,New,2026-07-28 00:36:17
Kama Ayurveda,Premium,Bath & Body,ashwaras body massage oil,https://www.kamaayurveda.in/ashwaras-mind-healing-body-massage-oil.html,2295.0,2295.0,,,,,New,2026-07-28 00:36:17
Kama Ayurveda,Premium,Bath & Body,ashwaras smoothing & invigorating body cream,https://www.kamaayurveda.in/ashwaras-smoothing-invigorating-body-cream.html,2695.0,2695.0,,,,,New,2026-07-28 00:36:17
Kama Ayurveda,Premium,Bath & Body,ashwaras replenishing body oil,https://www.kamaayurveda.in/ashwaras-replenshing-body-oil.html,3395.0,3395.0,,,,,New,2026-07-28 00:36:17
Kama Ayurveda,Premium,Bath & Body,organic sweet almond oil,https://www.kamaayurveda.in/organic-sweet-almond-oil.html,675.0,675.0,,5.0,16,,Organic Oil,2026-07-28 00:36:17
Kama Ayurveda,Premium,Bath & Body,extra virgin organic coconut oil,https://www.kamaayurveda.in/extra-virgin-organic-coconut-oil.html,350.0,350.0,,5.0,22,,Organic Oil,2026-07-28 00:36:17
Kama Ayurveda,Premium,Bath & Body,turmeric & myrrh skin brightening soap,https://www.kamaayurveda.in/turmeric-myrrh-skin-brightening-soap.html,795.0,795.0,,4.7,6,,Soap,2026-07-28 00:36:17
Kama Ayurveda,Premium,Bath & Body,organic neem oil,https://www.kamaayurveda.in/organic-neem-oil.html,445.0,445.0,,4.8,19,,Organic Oil,2026-07-28 00:36:17
Kama Ayurveda,Premium,Bath & Body,red sandalwood soap,https://www.kamaayurveda.in/red-sandalwood-soap.html,795.0,795.0,,5.0,1,,Soap,2026-07-28 00:36:17
Kama Ayurveda,Premium,Bath & Body,organic moringa oil,https://www.kamaayurveda.in/organic-moringa-oil.html,2050.0,2050.0,,5.0,1,,Organic Oil,2026-07-28 00:36:17
Kama Ayurveda,Premium,Bath & Body,"rose, cinnamon & orange soap",https://www.kamaayurveda.in/rose-orange-cinnamon-soap.html,795.0,795.0,,,,,Soap,2026-07-28 00:36:17
Kama Ayurveda,Premium,Bath & Body,kokum almond hand & body nourishing cleansing oil,https://www.kamaayurveda.in/kokum-almond-hand-body-nourishing-cleansing-oil.html,2395.0,2395.0,,,,,,2026-07-28 00:36:17
Kama Ayurveda,Premium,Bath & Body,pure mogra water,https://www.kamaayurveda.in/pure-mogra-water.html,625.0,625.0,,4.8,11,,Toner,2026-07-28 00:36:17
Kama Ayurveda,Premium,Bath & Body,natural khus soap,https://www.kamaayurveda.in/natural-khus-soap.html,795.0,795.0,,4.8,4,,Soap,2026-07-28 00:36:17
Kama Ayurveda,Premium,Bath & Body,natural rose soap,https://www.kamaayurveda.in/natural-rose-soap.html,795.0,795.0,,4.7,3,,Soap,2026-07-28 00:36:17
Kama Ayurveda,Premium,Bath & Body,foot cream,https://www.kamaayurveda.in/foot-cream.html,1250.0,1250.0,,,,,Foot Cream,2026-07-28 00:36:17
Kama Ayurveda,Premium,Bath & Body,hand cream,https://www.kamaayurveda.in/hand-cream.html,1250.0,1250.0,,,,,Hand Cream,2026-07-28 00:36:17
Kama Ayurveda,Premium,Bestsellers,anti acne cleansing foam,https://www.kamaayurveda.in/anti-acne-cleansing-foam.html,1325.0,1325.0,,4.5,10,,Foam,2026-07-28 00:36:22
Kama Ayurveda,Premium,Bestsellers,suvarna haldi chandan face pack,https://www.kamaayurveda.in/suvarna-haldi-chandan-face-pack.html,1895.0,1895.0,,5.0,4,,Face Pack,2026-07-28 00:36:22
Kama Ayurveda,Premium,Bestsellers,himalayan deodar face cleanser for men,https://www.kamaayurveda.in/himalayan-deodar-face-cleanser.html,825.0,825.0,,5.0,6,,Face Wash,2026-07-28 00:36:22
Vedix,Mid / Personalized,Anti-Hairfall Shampoo,Dhavath Shampoo With Bhringraj & Aloe Vera,https://www.vedix.com/products/dhavath-hairfall-shampoo-for-women-store,399.0,,,4.5,,100 ml,Normal-Oily Scalp | Hairfall,2026-07-28 01:03:39
Vedix,Mid / Personalized,Anti-Hairfall Shampoo,Vikleda Shampoo With Triphala & Jojoba,https://www.vedix.com/products/vikleda-deep-conditioning-shampoo-for-dry-hair-for-women-store,399.0,,,4.5,,100 ml,Dry Scalp | Conditioning,2026-07-28 01:03:39
Vedix,Mid / Personalized,Anti-Dandruff Shampoo,Vardara Shampoo With Aloe Vera & Datura,https://www.vedix.com/products/vardara-deep-conditioning-shampoo-with-dandruff-care-for-dry-hair-for-women-store,399.0,,,4.4,,100 ml,Dry Scalp | Anti-Dandruff,2026-07-28 01:03:39
Vedix,Mid / Personalized,Anti-Dandruff Shampoo,Taritha Shampoo With Bhringraj & Pippali,https://www.vedix.com/products/taritha-hairfall-shampoo-with-dandruff-care-for-women-store,399.0,,,4.4,,100 ml,Normal Scalp | Anti-Dandruff,2026-07-28 01:03:39
Vedix,Mid / Personalized,Keshamrut - Hair Oil,Keshamrut Hair Oil With Bhringraj & Rosemary,https://www.vedix.com/products/keshamrut-herbs-infused-hair-oil,549.0,,,4.7,,200 ml,Hair Growth,2026-07-28 01:03:48
Vedix,Mid / Personalized,Oil,Ahuta Hair Oil With Banyan & Hibiscus,https://www.vedix.com/products/ahuta-root-stimulating-hair-oil-for-women,449.0,,,4.2,,100 ml,Normal-Oily Scalp | Straight Hair,2026-07-28 01:03:48
Vedix,Mid / Personalized,Oil,Jeevath Hair Oil With Hibiscus & Bhringraj,https://www.vedix.com/products/jeevath-root-stimulating-hair-oil-for-women,449.0,,,4.4,,100 ml,Normal-Oily Scalp | Straight Hair,2026-07-28 01:03:48
Vedix,Mid / Personalized,Oil,Niryath Hair Oil With Lotus & Licorice,https://www.vedix.com/products/niryath-root-stimulating-hair-oil-for-women,449.0,,,4.4,,100 ml,Dry Scalp | Straight Hair,2026-07-28 01:03:48
Vedix,Mid / Personalized,Oil,Vapra Hair Oil With Onion & Chamomile,https://www.vedix.com/products/vapra-root-stimulating-hair-oil-for-women,449.0,,,4.4,,100 ml,Dry Scalp | Wavy Hair,2026-07-28 01:03:48
Vedix,Mid / Personalized,Oil,Vanya Hair Oil With Fenugreek & Sesame,https://www.vedix.com/products/vanya-root-stimulating-hair-oil-for-women,449.0,,,4.2,,100 ml,Dry Scalp | Curly Hair,2026-07-28 01:03:48
Vedix,Mid / Personalized,Oil,Praya Hair Oil With Lotus & Neem,https://www.vedix.com/products/praya-root-stimulating-hair-oil-for-women,449.0,,,4.2,,100 ml,Oily Scalp | Wavy/Curly Hair,2026-07-28 01:03:48
Vedix,Mid / Personalized,Hair Base Oil,Shvedan Hair Oil With Castor & Sesame,https://www.vedix.com/products/vedix-shvedan-hair-fall-oil-for-dry-scalp-with-castor-sesame-olive,449.0,,,4.3,,100 ml,Dry Scalp | Frizz Control,2026-07-28 01:03:48
Vedix,Mid / Personalized,Hair Base Oil,Viruj Hair Oil With Argan & Coconut,https://www.vedix.com/products/vedix-viruj-hair-fall-oil-for-normal-oily-scalp-with-coconut-argan-tea-tree,449.0,,,4.3,,100 ml,Normal-Oily Scalp,2026-07-28 01:03:48
Vedix,Mid / Personalized,Hair Base Oil,Tavas Hair Oil With Almond & Jasmine,https://www.vedix.com/products/vedix-tavas-non-sticky-hair-fall-oil-for-oily-scalp-with-coconut-jasmine-almond,359.0,,,4.2,,100 ml,Oily Scalp,2026-07-28 01:03:48
Vedix,Mid / Personalized,Anti-Dandruff Serum,Pratiti Hair Serum With Hibiscus & Datura,https://www.vedix.com/products/pratiti-hair-re-growth-dandruff-control-serum-severe-dandruff-with-dhatura-japa-nimbuka,849.0,,,4.3,,30 ml,Dandruff | Hair Growth,2026-07-28 01:03:55
Vedix,Mid / Personalized,Anti-Hairfall Serum,Samroha Hair Serum With Haritaki & Amla,https://www.vedix.com/products/samroha-advanced-hairgrowth-serum-for-women,599.0,,,4.4,,50 ml,Hair Growth,2026-07-28 01:03:55
Vedix,Mid / Personalized,Anti-Dandruff Serum,Nibhida Hair Serum With Lotus & Neem,https://www.vedix.com/products/nibhida-advanced-hairgrowth-serum-x-dandruff-care-for-women,599.0,,,4.6,,50 ml,Hairfall | Anti-Dandruff,2026-07-28 01:03:55
Vedix,Mid / Personalized,Serum,Vithan Advanced Hair Serum With Onion & Aloe Vera,https://www.vedix.com/products/vithan-advanced-hair-growth-serum,599.0,,,4.5,,40 ml,Moderate Hairfall,2026-07-28 01:03:55
Vedix,Mid / Personalized,Serum,Vithan Pro Hair Serum With Aloe Vera & Bhringraj,https://www.vedix.com/products/vithan-pro-hair-growth-serum,599.0,,,4.4,,40 ml,Severe Hairfall,2026-07-28 01:03:55
Vedix,Mid / Personalized,Serum,Nuyantra Advanced Hair Serum With Bhringraj & Bakuchi,https://www.vedix.com/products/nuyantra-advanced-hair-growth-serum-x-dandruff-care,599.0,,,4.5,,40 ml,Hairfall | Anti-Dandruff,2026-07-28 01:03:55
Vedix,Mid / Personalized,Serum,Nuyantra Pro Hair Serum With Neem & Tulasi,https://www.vedix.com/products/nuyantra-pro-hair-growth-serum-x-dandruff-care,549.0,,,4.6,,40 ml,Hairfall | Anti-Dandruff,2026-07-28 01:03:55
Vedix,Mid / Personalized,Hair Conditioner,Vartha Hair Conditioner With Rice Water & Mango Butter,https://www.vedix.com/products/vartha-hydrating-no-frizz-hair-conditioner-1,449.0,,,4.4,,100 ml,Frizz Control,2026-07-28 01:04:02
Vedix,Mid / Personalized,Hair Pack,Root Strenghtening Hair Pack With Onion & Fenugreek,https://www.vedix.com/products/root-strengthening-hair-pack,799.0,,,4.3,,100 gms,Hairfall,2026-07-28 01:04:12
Vedix,Mid / Personalized,Hair Mask,Druti Hair Mask With Jojoba & Aloe Vera,https://www.vedix.com/products/druti-sheacare-deep-nourish-hair-mask-for-dry-hair,599.0,,,4.3,,200 gms,Dry Hair | Anti-Dandruff,2026-07-28 01:04:12
Vedix,Mid / Personalized,Hair Mask,Pratida Hair Mask With Coconut & Shea Butter,https://www.vedix.com/products/pratida-shine-rebound-hydrating-hair-mask-for-coloured-chemically-treated-hair,599.0,,,4.3,,200 gms,Coloured Hair | Hydration,2026-07-28 01:04:12
Vedix,Mid / Personalized,Hair Mask,Niktha Hair Mask With Lemon &  Neem,https://www.vedix.com/products/niktha-vitc-oil-balance-hair-mask-for-greasy-hair,599.0,,,4.4,,200 gms,Oily Scalp | Anti-Dandruff,2026-07-28 01:04:12
Vedix,Mid / Personalized,Leave On Cream,Vartika Curl Cream With Murumuru Butter & Fenugreek,https://www.vedix.com/products/vartika-curl-retention-leave-on-cream,599.0,,,4.5,,100 gms,Curly Hair | Conditioning,2026-07-28 01:04:12
Vedix,Mid / Personalized,Cleanser,Anuva Face Wash With Oatmeal & Aloe Vera,https://www.vedix.com/products/vedix-anuva-moisturizing-face-wash-for-dry-skin-with-aloe-vera-oatmeal-vetiver,499.0,,,4.4,,60 ml,Dry Skin,2026-07-28 01:04:19
Vedix,Mid / Personalized,Cleanser,Drithi Face Wash With Amla & Sariva,https://www.vedix.com/products/vedix-drithi-ultra-gentle-face-wash-for-normal-skin-with-amla-glycerin-sariva,499.0,,,4.3,,60 ml,Normal Skin,2026-07-28 01:04:19
Vedix,Mid / Personalized,Cleanser,Anaha Face Wash With Lodhra & Neem,https://www.vedix.com/products/vedix-anaha-deep-cleansing-face-wash-for-oily-skin-with-neem-niacinaminde-lodhra,499.0,,,4.3,,60 ml,Oily Skin,2026-07-28 01:04:19
Vedix,Mid / Personalized,Moisturizer,Sthavi Face Cream With Aloe Vera & Lotus,https://www.vedix.com/products/sthavi-hydroplenish-moisturizing-facial-cream-with-kamala-kumari-usheera,599.0,,,4.3,,40 ml,Dry Skin,2026-07-28 01:04:28
Vedix,Mid / Personalized,Moisturizer,Niraj Face Gel With Yashtimadhu & Sariva,https://www.vedix.com/products/niraj-hydromatte-oil-free-face-gel-for-women,499.0,,,4.4,,40 ml,Normal Skin,2026-07-28 01:04:28
Vedix,Mid / Personalized,Moisturizer,Anudha Face Lotion With Lodhra & Manjistha,https://www.vedix.com/products/anudha-glow-restore-moisturizing-face-lotion-for-women,499.0,,,4.4,,40 ml,Oily Skin,2026-07-28 01:04:28
Vedix,Mid / Personalized,Active,Avas Face Serum With Lodhra & Manjishta,https://www.vedix.com/products/avas-spot-correcting-face-serum-with-lodhra-bakuchi,499.0,,,4.3,,25 ml,Dark Spots,2026-07-28 01:04:34
Vedix,Mid / Personalized,Active,Aloka Face Serum With Amla & Lemon,https://www.vedix.com/products/aloka-vc-brightening-face-serum-with-with-amalaki-jambira,499.0,,,4.4,,25 ml,Tan,2026-07-28 01:04:34
Vedix,Mid / Personalized,Active,Prastha Face Serum With Daruharidra & Yashtimadhu,https://www.vedix.com/products/prastha-firmrestore-face-serum-with-daruharidra-bakuchi,599.0,,,4.5,,25 ml,Ageing Skin,2026-07-28 01:04:34
Vedix,Mid / Personalized,Active,Prakhya Face Serum With Durva & Nimba,https://www.vedix.com/products/prakhya-acne-rescue-face-serum-with-vacha-kumari-acne,599.0,,,4.5,,25 ml,Acne,2026-07-28 01:04:34
Vedix,Mid / Personalized,Sunscreen,Tej Sunscreen With Bakuchi & Turmeric,https://www.vedix.com/products/vedix-tej-aqua-radiance-sunscreen-amla-bakuchi-turmeric,499.0,,,4.7,,50 gms,Tan,2026-07-28 01:04:42
Devrishi Ayurveda,Value / Mass Wellness,Digestive Care,Aam Guthli Churna (Mango Seed Powder) – Natural Digestive & Gut Health Support |  100g,https://devrishiayurveda.com/product/aam-guthli-churna-mango-seed-powder-natural-digestive-gut-health-support-100g/,100.0,,,,,,,2026-07-28 01:16:07
Devrishi Ayurveda,Value / Mass Wellness,Immunity,Amla Churna (Indian Gooseberry Powder) – Natural Vitamin C & Immunity Booster | 100g,https://devrishiayurveda.com/product/amla-churna-indian-gooseberry-powder-natural-vitamin-c-immunity-booster-100g/,80.0,,,,,,,2026-07-28 01:16:07
Devrishi Ayurveda,Value / Mass Wellness,Daily Wellness,Arjun Chhal Churna (Arjuna Bark Powder) – Natural Heart Health & Blood Pressure Support | 100g,https://devrishiayurveda.com/product/arjun-chhal-churna-arjuna-bark-powder-natural-heart-health-blood-pressure-support-100g/,105.0,,,,,,,2026-07-28 01:16:07
Devrishi Ayurveda,Value / Mass Wellness,Womens Wellness,Ashok Chhal Churna (Ashoka Bark Powder) – Women’s Health Support & Hormonal Balance | 100g,https://devrishiayurveda.com/product/ashok-chhal-churna-ashoka-bark-powder-womens-health-support-hormonal-balance-100g/,80.0,,,,,,,2026-07-28 01:16:07
Devrishi Ayurveda,Value / Mass Wellness,Immunity,"Ashwa Malt – Ayurvedic Malt for Stamina , Low Sperm Count & Performance Boost  – Only for Men",https://devrishiayurveda.com/product/ashwa-malt/,430.0,,,5.0,,,,2026-07-28 01:16:07
Devrishi Ayurveda,Value / Mass Wellness,Immunity,"Ashwagandha Churna – Natural Stress Relief, Strength & Immunity Booster |100g",https://devrishiayurveda.com/product/ashwagandha-churna-natural-stress-relief-strength-immunity-booster-100g/,160.0,,,,,,,2026-07-28 01:16:07
Devrishi Ayurveda,Value / Mass Wellness,Daily Wellness,"Asthi Gold Capsule – Ayurvedic Joint Pain Relief, Arthritis Support",https://devrishiayurveda.com/product/devrishi-asthi-gold-capsule-for-joint-pain/,210.0,,,5.0,,,,2026-07-28 01:16:07
Devrishi Ayurveda,Value / Mass Wellness,Digestive Care,Baelgiri Churna (Bael Fruit Powder) – Natural Digestive Support & Gut Health | 100g,https://devrishiayurveda.com/product/baelgiri-churna-bael-fruit-powder-natural-digestive-support-gut-health-100g/,100.0,,,,,,,2026-07-28 01:16:07
Devrishi Ayurveda,Value / Mass Wellness,Digestive Wellness,"Baheda Churna (Bibhitaki Powder) – Respiratory Health, Digestion & Detox Support |  100g",https://devrishiayurveda.com/product/baheda-churna-bibhitaki-powder-respiratory-health-digestion-detox-support-100g/,90.0,,,,,,,2026-07-28 01:16:07
Devrishi Ayurveda,Value / Mass Wellness,Daily Wellness,Bone Tone-Forte Granules – Natural Calcium Booster for Strong Bones (250g),https://devrishiayurveda.com/product/bone-tone-forte-joint-support-supplement-for-men-women-knee-pain-reilif-calcium-rich-hadjod-granules/,260.0,,,,,,,2026-07-28 01:16:07
Devrishi Ayurveda,Value / Mass Wellness,Singal Herbs Churna,"Brahmi Churna – Memory Booster, Brain Health & Stress Relief |  100g",https://devrishiayurveda.com/product/brahmi-churna-memory-booster-brain-health-stress-relief-100g/,100.0,,,,,,,2026-07-28 01:16:07
Devrishi Ayurveda,Value / Mass Wellness,Singal Herbs Churna,"Chopchini Churna (Chopchini Powder) – Joint Pain Relief, Skin Health & Detox Support | 100g",https://devrishiayurveda.com/product/chopchini-churna-chopchini-powder-joint-pain-relief-skin-health-detox-support-100g/,330.0,,,,,,,2026-07-28 01:16:07
Devrishi Ayurveda,Value / Mass Wellness,Daily Wellness,Cristo Nil Churan – Ayurvedic Kidney Stone Dissolver (50g),https://devrishiayurveda.com/product/crishto-nil-ayurvedic-churan-for-kideny-and-digestive-system/,210.0,,,,,,,2026-07-28 01:16:14
Devrishi Ayurveda,Value / Mass Wellness,Digestive Care,Devrishi Aloevera Swaras | Sugar-Free Ayurvedic Aloe Vera Juice for Digestion & Acidity – 1000 ml,https://devrishiayurveda.com/product/devrishi-aloevera-swaras-sugar-free-ayurvedic-aloe-vera-juice-for-digestion-acidity-1000-ml/,370.0,,,,,,,2026-07-28 01:16:14
Devrishi Ayurveda,Value / Mass Wellness,Ayurvedic Juices,"Devrishi Amla Swaras | Sugar-Free Ayurvedic Amla Juice for Immunity, Digestion & Wellness – 1000 ml",https://devrishiayurveda.com/product/devrishi-amla-swaras-sugar-free-ayurvedic-amla-juice-for-immunity-digestion-wellness-1000-ml/,260.0,,,,,,,2026-07-28 01:16:14
Devrishi Ayurveda,Value / Mass Wellness,Digestive Care,"Devrishi Amladi Syrup – Ayurvedic Digestive Tonic for Acidity, Gas, Indigestion & Gut Health – 200ml",https://devrishiayurveda.com/product/devrishi-amladi-syrup-ayurvedic-digestive-tonic-for-acidity-gas-indigestion-gut-health-200ml/,160.0,,,,,,,2026-07-28 01:16:14
Devrishi Ayurveda,Value / Mass Wellness,Brain Wellness,"Devrishi Ardhangvat Har Vati– For Nerve Strength, Paralysis, Brain & Body Recovery – 10 Tablets",https://devrishiayurveda.com/product/devrishi-ardhangvat-har-vati-for-nerve-strength-paralysis-brain-body-recovery-10-tablets/,810.0,,,,,,,2026-07-28 01:16:14
Devrishi Ayurveda,Value / Mass Wellness,Digestive Care,"Devrishi Arshodh Har Syrup – For Piles, Fissures, Constipation & Digestive Health – 200ml",https://devrishiayurveda.com/product/devrishi-arshodh-har-syrup-ayurvedic-relief-for-piles-fissures-constipation-digestive-health-200ml/,170.0,,,,,,,2026-07-28 01:16:14
Devrishi Ayurveda,Value / Mass Wellness,Digestive Care,"Devrishi Arshodh Har Tablet – For Piles, Fissure, Constipation & Digestive Health – 30 tabs",https://devrishiayurveda.com/product/devrishi-arshodh-har-tablet-for-piles-fissure-constipation-digestive-health-30-tabs/,170.0,,,,,,,2026-07-28 01:16:14
Devrishi Ayurveda,Value / Mass Wellness,Mens Wellness,"Devrishi Ashwa Tila – Ayurvedic Massage Oil for Male Strength, Stamina & Vitality – 30ml",https://devrishiayurveda.com/product/devrishi-ashwa-tila-ayurvedic-massage-oil-for-male-strength-stamina-vitality-30ml/,240.0,,,,,,,2026-07-28 01:16:14
Devrishi Ayurveda,Value / Mass Wellness,Men Women,"Devrishi Chandana Amrit Syrup – Syrup for Pitta Disorders, Burning Urination & Mental Calmness – 450ml",https://devrishiayurveda.com/product/devrishi-chandana-amrit-syrup-syrup-for-pitta-disorders-burning-urination-mental-calmness-450ml/,350.0,,,,,,,2026-07-28 01:16:14
Devrishi Ayurveda,Value / Mass Wellness,Ayurvedic Juices,Devrishi Fit & Fine Swaras | Sugar-Free Ayurvedic Juice for Weight Management & Metabolism | 1000 ml,https://devrishiayurveda.com/product/devrishi-fit-fine-swaras-sugar-free-ayurvedic-juice-for-weight-management-metabolism-1000-ml/,360.0,,,,,,,2026-07-28 01:16:14
Devrishi Ayurveda,Value / Mass Wellness,Digestive Care,"Devrishi Gaso Amrit Syrup – Ayurvedic Solution for Gas, Acidity, Indigestion & Bloating – 200ml",https://devrishiayurveda.com/product/devrishi-gaso-amrit-syrup-ayurvedic-solution-for-gas-acidity-indigestion-bloating-200ml/,170.0,,,,,,,2026-07-28 01:16:14
Devrishi Ayurveda,Value / Mass Wellness,Digestive Care,"Devrishi Giloy Papita Swaras | Sugar-Free Ayurvedic Juice for Immunity, Digestion & Wellness –  500 ml",https://devrishiayurveda.com/product/devrishi-giloy-papita-swaras-sugar-free-ayurvedic-juice-for-immunity-digestion-wellness-500-ml/,200.0,,,,,,,2026-07-28 01:16:14
Devrishi Ayurveda,Value / Mass Wellness,Ayurvedic Juices,"Devrishi Giloy Swaras | Sugar-Free Ayurvedic Giloy Juice for Immunity, Detox & Vitality –  500 ml",https://devrishiayurveda.com/product/devrishi-giloy-swaras-sugar-free-ayurvedic-giloy-juice-for-immunity-detox-vitality-500-ml/,190.0,,,,,,,2026-07-28 01:16:19
Devrishi Ayurveda,Value / Mass Wellness,Daily Wellness,Devrishi Gold Oil – Fast Acting Ayurvedic Pain Relief Oil for Joint and Muscle Pain (50ml),https://devrishiayurveda.com/product/devrishi-gold-oil-for-muscles-joint-pain/,320.0,,,5.0,,,,2026-07-28 01:16:19
Devrishi Ayurveda,Value / Mass Wellness,Blood Purify,"Devrishi Iro Amrit Syrup – Blood Builder for Hemoglobin, Energy & Immunity – 300ml",https://devrishiayurveda.com/product/devrishi-iro-amrit-syrup-blood-builder-for-hemoglobin-energy-immunity-300ml/,170.0,,,,,,,2026-07-28 01:16:19
Devrishi Ayurveda,Value / Mass Wellness,Ayurvedic Juices,Devrishi Karela Jamun Swaras | Sugar-Free Ayurvedic Juice for Blood Sugar Balance & Metabolism – 500 ml,https://devrishiayurveda.com/product/devrishi-karela-jamun-swaras-sugar-free-ayurvedic-juice-for-blood-sugar-balance-metabolism-500-ml/,190.0,,,,,,,2026-07-28 01:16:19
Devrishi Ayurveda,Value / Mass Wellness,Ayurvedic Juices,"Devrishi Lauki with Tulsi Pudina Swaras  | Sugar-Free Ayurvedic Juice for Detox, Digestion & Metabolism – 500 ml",https://devrishiayurveda.com/product/devrishi-lauki-with-tulsi-pudina-swaras-sugar-free-ayurvedic-juice-for-detox-digestion-metabolism-500-ml/,190.0,,,,,,,2026-07-28 01:16:19
Devrishi Ayurveda,Value / Mass Wellness,Ayurvedic Juices,"Devrishi Neem Swaras  | Sugar-Free Ayurvedic Neem Juice for Blood Purification, Skin & Immunity – 500 ml",https://devrishiayurveda.com/product/devrishi-neem-swaras-sugar-free-ayurvedic-neem-juice-for-blood-purification-skin-immunity-500-ml/,200.0,,,,,,,2026-07-28 01:16:19
Devrishi Ayurveda,Value / Mass Wellness,Ayurvedic Juices,"Devrishi Nirgundi Swaras  | Sugar-Free Ayurvedic Juice for Joint Pain, Inflammation & Mobility | 500 ml",https://devrishiayurveda.com/product/devrishi-nirgundi-swaras-sugar-free-ayurvedic-juice-for-joint-pain-inflammation-mobility-500-ml/,250.0,,,,,,,2026-07-28 01:16:19
Devrishi Ayurveda,Value / Mass Wellness,Daily Wellness,Devrishi Oil For Joint Pain,https://devrishiayurveda.com/product/pain-relief-oil-for-joint/,140.0,,,5.0,,,,2026-07-28 01:16:19
Devrishi Ayurveda,Value / Mass Wellness,Daily Wellness,Devrishi Ortho Ras for Pain and Stiffness,https://devrishiayurveda.com/product/devrishi-ortho-ras-for-pain-and-stiffness/,260.0,,,5.0,,,,2026-07-28 01:16:19
Devrishi Ayurveda,Value / Mass Wellness,Ayurvedic Juices,"Devrishi Panch Tulsi Swaras | Sugar-Free Ayurvedic Juice for Immunity, Respiratory Health & Wellness – 500 ml",https://devrishiayurveda.com/product/devrishi-panch-tulsi-swaras-sugar-free-ayurvedic-juice-for-immunity-respiratory-health-wellness-500-ml/,260.0,,,,,,,2026-07-28 01:16:19
Devrishi Ayurveda,Value / Mass Wellness,Mens Wellness,Devrishi Paras Malham for Fungal and Skin Care,https://devrishiayurveda.com/product/devrishi-paras-malham-for-fungal-and-skin-care/,165.0,,,4.75,,,,2026-07-28 01:16:19
Devrishi Ayurveda,Value / Mass Wellness,Skin Care,Devrishi Paras Oil – Ayurvedic Anti-Inflammatory Skin Healing Oil,https://devrishiayurveda.com/product/devrishi-paras-oil-ayurvedic-anti-inflammatory-skin-healing-oil/,140.0,,,,,,,2026-07-28 01:16:19
Devrishi Ayurveda,Value / Mass Wellness,Joint Bone Health,"Devrishi Peeda Mukti Vati – For Joint Pain, Arthritis, Sciatica & Inflammation Relief – 30 tablets",https://devrishiayurveda.com/product/devrishi-peeda-mukti-vati-for-joint-pain-arthritis-sciatica-inflammation-relief-30-tablets/,210.0,,,,,,,2026-07-28 01:16:26
Devrishi Ayurveda,Value / Mass Wellness,Ayurvedic Juices,"Devrishi Punarnava Makoy Kutki Swaras | Sugar-Free Ayurvedic Juice for Liver, Kidney & Detox Support – 500 ml",https://devrishiayurveda.com/product/devrishi-punarnava-makoy-kutki-swaras-sugar-free-ayurvedic-juice-for-liver-kidney-detox-support-500-ml/,225.0,,,,,,,2026-07-28 01:16:26
Devrishi Ayurveda,Value / Mass Wellness,Beauty Care,Devrishi Pure Neem Protect & Purifiels Soap For Skin Infactions,https://devrishiayurveda.com/product/devrishi-pure-neem-protect-purifiels-soap-for-skin-infactions/,70.0,,,,,,,2026-07-28 01:16:26
Devrishi Ayurveda,Value / Mass Wellness,Ayurvedic Juices,"Devrishi Shallaki Swaras  | Sugar-Free Ayurvedic Juice for Joint Health, Arthritis & Mobility – 500 ml",https://devrishiayurveda.com/product/devrishi-shallaki-swaras-sugar-free-ayurvedic-juice-for-joint-health-arthritis-mobility-500-ml/,240.0,,,,,,,2026-07-28 01:16:26
Devrishi Ayurveda,Value / Mass Wellness,Ayurvedic Juices,"Devrishi Shilajit Swaras | Sugar-Free Ayurvedic Juice for Strength, Stamina & Vitality – 500 ml",https://devrishiayurveda.com/product/devrishi-shilajit-swaras-sugar-free-ayurvedic-juice-for-strength-stamina-vitality-500-ml/,310.0,,,,,,,2026-07-28 01:16:26
Devrishi Ayurveda,Value / Mass Wellness,Cough Cold,"Devrishi Swasika Cough Syrup – For Cough, Cold & Respiratory Relief – 100ml",https://devrishiayurveda.com/product/devrishi-swasika-cough-syrup-non-sedative-herbal-syrup-for-cough-cold-respiratory-relief-100ml/,110.0,,,,,,,2026-07-28 01:16:26
Devrishi Ayurveda,Value / Mass Wellness,Digestive Care,"Devrishi Triphala Swaras  | Sugar-Free Ayurvedic Juice for Digestion, Gut Health & Detox – 500 ml",https://devrishiayurveda.com/product/devrishi-triphala-swaras-sugar-free-ayurvedic-juice-for-digestion-gut-health-detox-500-ml/,200.0,,,,,,,2026-07-28 01:16:26
Devrishi Ayurveda,Value / Mass Wellness,Ayurvedic Juices,"Devrishi Udramrit Swaras  | Sugar-Free Ayurvedic Juice for Acidity, Gas & Digestive Relief – 500 ml",https://devrishiayurveda.com/product/devrishi-udramrit-swaras-sugar-free-ayurvedic-juice-for-acidity-gas-digestive-relief-500-ml/,230.0,,,,,,,2026-07-28 01:16:26
Devrishi Ayurveda,Value / Mass Wellness,Immunity,"Devrishi Urja Shakti – Ayurvedic Energy & Vitality Booster for Strength, Stamina & Immunity",https://devrishiayurveda.com/product/devrishi-urja-shakti-ayurvedic-energy-vitality-booster-for-strength-immunity-hormonal-balance-stress-relief/,3725.0,,,,,,,2026-07-28 01:16:26
Devrishi Ayurveda,Value / Mass Wellness,Joint Bone Health,"Devrishi Vat Parvahi Syrup – For Joint Pain, Arthritis, Inflammation & Mobility – 200ml",https://devrishiayurveda.com/product/devrishi-vat-parvahi-syrup-for-joint-pain-arthritis-inflammation-mobility-200ml/,180.0,,,,,,,2026-07-28 01:16:26
Devrishi Ayurveda,Value / Mass Wellness,Mens Wellness,Devrishi Virya Stambhak Vati,https://devrishiayurveda.com/product/devrishi-virya-stambhak-vati/,390.0,,,5.0,,,,2026-07-28 01:16:26
Devrishi Ayurveda,Value / Mass Wellness,Immunity,"Giloy Churna (Guduchi Powder) – Immunity Booster, Detox & Fever Support | 100g",https://devrishiayurveda.com/product/giloy-churna-guduchi-powder-immunity-booster-detox-fever-support-100g/,90.0,,,,,,,2026-07-28 01:16:26
Devrishi Ayurveda,Value / Mass Wellness,Kidney Wellness,"Gokhru Churna (Gokshura Powder) – Kidney Health, Urinary Support & Vitality Booster |  100g",https://devrishiayurveda.com/product/gokhru-churna-gokshura-powder-kidney-health-urinary-support-vitality-booster-100g/,110.0,,,,,,,2026-07-28 01:16:32
Devrishi Ayurveda,Value / Mass Wellness,Beauty Care,Gorika Anti Pigmentation Cream for Women,https://devrishiayurveda.com/product/gorika-anti-pigmentation-cream-for-women/,270.0,,,,,,,2026-07-28 01:16:32
Devrishi Ayurveda,Value / Mass Wellness,Singal Herbs Churna,"Gudhal Churna (Hibiscus Powder) – Hair Growth, Skin Glow & Heart Health Support |100g",https://devrishiayurveda.com/product/gudhal-churna-hibiscus-powder-hair-growth-skin-glow-heart-health-support-100g/,150.0,,,,,,,2026-07-28 01:16:32
Devrishi Ayurveda,Value / Mass Wellness,Diabetic Wellness,Gudmar Churna (Gymnema Sylvestre Powder) – Blood Sugar Control & Metabolism Support |100g,https://devrishiayurveda.com/product/gudmar-churna-gymnema-sylvestre-powder-blood-sugar-control-metabolism-support-100g/,120.0,,,,,,,2026-07-28 01:16:32
Devrishi Ayurveda,Value / Mass Wellness,Joint Bone Health,"Hadjod Churna (Cissus Powder) – Bone Strength, Joint Support & Fracture Recovery | 100g",https://devrishiayurveda.com/product/hadjod-churna-cissus-powder-bone-strength-joint-support-fracture-recovery-100g/,140.0,,,,,,,2026-07-28 01:16:32
Devrishi Ayurveda,Value / Mass Wellness,Digestive Wellness,"Harad Churna – Digestive Support, Detox & Gut Health |100g",https://devrishiayurveda.com/product/harad-churna-haritaki-powder-digestive-support-detox-gut-health-100g/,100.0,,,,,,,2026-07-28 01:16:32
Devrishi Ayurveda,Value / Mass Wellness,Digestive Wellness,"Haritaki Churna– Digestive Health, Detox & Gut Cleanser |  100g",https://devrishiayurveda.com/product/haritaki-churna-digestive-health-detox-gut-cleanser-100g/,100.0,,,,,,,2026-07-28 01:16:32
Devrishi Ayurveda,Value / Mass Wellness,Digestive Wellness,"Indrayana Churna – Digestive Cleanser, Detox & Gut Health Support |  100g",https://devrishiayurveda.com/product/indrayana-churna-digestive-cleanser-detox-gut-health-support-100g/,95.0,,,,,,,2026-07-28 01:16:32
Devrishi Ayurveda,Value / Mass Wellness,Singal Herbs Churna,Jamun Gutli Churna (Jamun Seed Powder) – Blood Sugar Control & Digestive Support |  100g,https://devrishiayurveda.com/product/jamun-gutli-churna-jamun-seed-powder-blood-sugar-control-digestive-support-100g/,110.0,,,,,,,2026-07-28 01:16:32
Devrishi Ayurveda,Value / Mass Wellness,Digestive Care,Kabz Clear Syrup for Constipation,https://devrishiayurveda.com/product/kabz-clear-syrup-for-constipation/,140.0,,,,,,,2026-07-28 01:16:32
Devrishi Ayurveda,Value / Mass Wellness,Diabetic Wellness,"Karela Churna (Bitter Gourd Powder) – Blood Sugar Control, Detox & Digestive Support |  100g",https://devrishiayurveda.com/product/karela-churna-bitter-gourd-powder-blood-sugar-control-detox-digestive-support-100g/,80.0,,,,,,,2026-07-28 01:16:32
Devrishi Ayurveda,Value / Mass Wellness,Stamina Booster,"Kaunch Beej Churna (Mucuna Pruriens Powder) – Strength, Vitality & Testosterone Support |  100g",https://devrishiayurveda.com/product/kaunch-beej-churna-mucuna-pruriens-powder-strength-vitality-testosterone-support-100g/,110.0,,,,,,,2026-07-28 01:16:32
Devrishi Ayurveda,Value / Mass Wellness,Hair Wellness,Kuntal Hair Oil For Hair Growth and Hair Fall Control,https://devrishiayurveda.com/product/kuntal-hair-oil-for-hair-growth-and-hair-fall-control/,240.0,,,,,,,2026-07-28 01:16:42
Devrishi Ayurveda,Value / Mass Wellness,Womens Wellness,Lady Cure Ayurvedic Syrup For PCOS and Period Pain Relief,https://devrishiayurveda.com/product/lady-cure-ayurvedic-syrup-for-hormone-balance-pcos-period-pain-relief-treating-irregular-periods/,260.0,,,,,,,2026-07-28 01:16:42
Devrishi Ayurveda,Value / Mass Wellness,Digestive Care,Livo Amrit Syrup For Liver Problems,https://devrishiayurveda.com/product/livo-amrit-syrup-for-liver-problems/,160.0,,,,,,,2026-07-28 01:16:42
Devrishi Ayurveda,Value / Mass Wellness,Digestive Care,"Methi Churna (Fenugreek Powder) – Blood Sugar Control, Digestion & Hair Health | 100g",https://devrishiayurveda.com/product/methi-churna-fenugreek-powder-blood-sugar-control-digestion-hair-health-100g/,190.0,,,,,,,2026-07-28 01:16:42
Devrishi Ayurveda,Value / Mass Wellness,Diabetic Wellness,Neem Karela Jamun Churna – Advanced Blood Sugar Control & Detox Support | 100g,https://devrishiayurveda.com/product/neem-karela-jamun-churna-advanced-blood-sugar-control-detox-support-100g/,160.0,,,,,,,2026-07-28 01:16:42
Devrishi Ayurveda,Value / Mass Wellness,Digestive Care,"Pachak Panchamrat Ras Tonic for Digestion, Constipation, Acidity and Gas Relief",https://devrishiayurveda.com/product/pachak-panchamrat-ras-tonic-for-digestion-constipation-acidity-and-gas-relief/,160.0,,,,,,,2026-07-28 01:16:42
Devrishi Ayurveda,Value / Mass Wellness,Digestive Care,"Pudina Churna (Mint Powder) – Digestive Support, Cooling Relief & Gut Health | 100g",https://devrishiayurveda.com/product/pudina-churna-mint-powder-digestive-support-cooling-relief-gut-health-100g/,130.0,,,,,,,2026-07-28 01:16:42
Devrishi Ayurveda,Value / Mass Wellness,Stamina Booster,"Safed Musli Churna – Strength, Stamina & Vitality Booster | 100g",https://devrishiayurveda.com/product/safed-musli-churna-strength-stamina-vitality-booster-100g/,460.0,,,,,,,2026-07-28 01:16:42
Devrishi Ayurveda,Value / Mass Wellness,Daily Wellness,Sandhi Rakshak Ras for Muscles and Back Pain,https://devrishiayurveda.com/product/sandhi-rakshak-ras-for-muscles-and-back-pain/,160.0,,,,,,,2026-07-28 01:16:42
Devrishi Ayurveda,Value / Mass Wellness,Cough Cold,Shwasika Avaleha Churn For Cough & Cold,https://devrishiayurveda.com/product/swasha-awaleh-churn-for-cough-cold/,260.0,,,,,,,2026-07-28 01:16:42
Devrishi Ayurveda,Value / Mass Wellness,Blood Purify,Skino Amrit – Ayurvedic Blood Purifier (Syrup + Tablets Combo),https://devrishiayurveda.com/product/skino-amrit-ayurvedic-blood-purifier-syrup-tablets-combo/,270.0,,,,,,,2026-07-28 01:16:42
Devrishi Ayurveda,Value / Mass Wellness,Memory Booster,Smaran Amrit Avaleha Brain Support for Memory & Focus,https://devrishiayurveda.com/product/smaran-amrit-awleh-brain-support-for-memory-focus/,240.0,,,4.0,,,,2026-07-28 01:16:42
Devrishi Ayurveda,Value / Mass Wellness,Mens Wellness,Warts Remover Ointment for Men and Women | Wart Removal Cream for Men & Women,https://devrishiayurveda.com/product/devrishi-massa-nashak-paste/,250.0,,,4.64,,,,2026-07-28 01:16:50
